VideoAnalysis: Time (s),VideoAnalysis: X,X (Correct Origin),X (cm),X Absolute Value,X (m),VideoAnalysis: Y,Y (Correct Origin),Y (cm),Y Absolute Value,Y (m),VideoAnalysis: X Velocity,VideoAnalysis: Y Velocity,,,,,,,,,,,,,
0.1031,516.3111093,32.68889072,3.268889072,3.268889072,0.032688891,441.4306366,-248.4306366,-24.84306366,24.84306366,0.248430637,159.2897602,-34.2026476,,,,,,,,,,,,,
0.169744444,526.2976583,22.70234166,2.270234166,2.270234166,0.022702342,444.3349674,-251.3349674,-25.13349674,25.13349674,0.251334967,170.8008386,-132.9627248,,,,,,,,,,,,,
0.236388889,538.1712458,10.82875418,1.082875418,1.082875418,0.010828754,430.7840124,-237.7840124,-23.77840124,23.77840124,0.237784012,183.8286449,-239.3316867,,,,,,,,,,,,,
0.303033333,551.9357545,-2.935754534,-0.293575453,0.293575453,0.002935755,406.2020365,-213.2020365,-21.32020365,21.32020365,0.213202036,180.1292729,-254.5336143,,,,,,,,,,,,,
0.369666667,563.3395238,-14.33952381,-1.433952381,1.433952381,0.014339524,386.5861555,-193.5861555,-19.35861555,19.35861555,0.193586156,154.0542051,-115.6663765,,,,,,,,,,,,,
0.436311111,573.9822652,-24.98226524,-2.498226524,2.498226524,0.024982265,386.0425642,-193.0425642,-19.30425642,19.30425642,0.193042564,101.6595703,100.4423955,,,,,,,,,,,,,
0.502955556,578.8823527,-29.88235269,-2.988235269,2.988235269,0.029882353,403.4530175,-210.4530175,-21.04530175,21.04530175,0.210453018,21.90643387,257.6531405,,,,,,,,,,,,,
0.5696,575.3295951,-26.32959515,-2.632959515,2.632959515,0.026329595,430.2753662,-237.2753662,-23.72753662,23.72753662,0.237275366,-37.65631583,252.513199,,,,,,,,,,,,,
0.636244444,572.0020397,-23.00203973,-2.300203973,2.300203973,0.02300204,447.7401787,-254.7401787,-25.47401787,25.47401787,0.254740179,-71.45410752,76.99355284,,,,,,,,,,,,,
0.702888889,566.3797524,-17.37975239,-1.737975239,1.737975239,0.017379752,442.8051461,-249.8051461,-24.98051461,24.98051461,0.249805146,-107.2429393,-140.1587943,,,,,,,Origin,549,193,,12,10.33333333,
0.769522222,557.7250021,-8.725002063,-0.872500206,0.872500206,0.008725002,423.5425995,-230.5425995,-23.05425995,23.05425995,0.230542599,-139.9701962,-267.4310714,,,,,,,,pm 2,pm 2,,11,,
0.836166667,546.5736145,2.42638553,0.242638553,0.242638553,0.002426386,397.7258947,-204.7258947,-20.47258947,20.47258947,0.204725895,-153.4259266,-233.9839671,,,,,,,,,,,10,,
0.902811111,536.3618633,12.6381367,1.26381367,1.26381367,0.012638137,382.6334701,-189.6334701,-18.96334701,18.96334701,0.18963347,-149.0784347,-43.32057957,,,,,,,,,,,9,,
0.969455556,524.7095951,24.29040487,2.429040487,2.429040487,0.024290405,389.7312196,-196.7312196,-19.67312196,19.67312196,0.19673122,-113.818397,181.6362237,,,,,,,,,,,9,,
1.0361,521.1879,27.81210004,2.781210004,2.781210004,0.0278121,413.7773697,-220.7773697,-22.07773697,22.07773697,0.22077737,-73.50024699,292.5404066,,,,,,,,,,,11,,
1.102744444,515.0996772,33.9003228,3.39003228,3.39003228,0.033900323,440.1182519,-247.1182519,-24.71182519,24.71182519,0.247118252,-34.03480553,216.5926914,,,,,,,,,,,,,
1.169388889,515.6393857,33.36061427,3.336061427,3.336061427,0.033360614,451.8520587,-258.8520587,-25.88520587,25.88520587,0.258852059,16.73360626,-6.378530159,,,,,,,,205,216,226,235,244,255
1.236022222,518.8892852,30.11071476,3.011071476,3.011071476,0.030110715,438.44865,-245.44865,-24.544865,24.544865,0.24544865,47.54091562,-219.4498583,,,,,,,,pm 2,pm 2,,,,
1.302666667,522.1042396,26.89576039,2.689576039,2.689576039,0.02689576,413.451215,-220.451215,-22.0451215,22.0451215,0.220451215,76.77546903,-285.6352564,,,,,,,,,,,,,
1.369311111,527.9983226,21.0016774,2.10016774,2.10016774,0.021001677,390.4340055,-197.4340055,-19.74340055,19.74340055,0.197434005,116.676936,-182.9393603,,,,,,,,,,,,,
1.435955556,538.3615028,10.63849722,1.063849722,1.063849722,0.010638497,381.9695121,-188.9695121,-18.89695121,18.89695121,0.188969512,144.2782938,35.78547487,,,,,,,,,,,,,
1.5026,549.1479076,-0.147907636,-0.014790764,0.014790764,0.000147908,396.6115325,-203.6115325,-20.36115325,20.36115325,0.203611533,143.2024532,230.3701612,,,,,,,,,,,,,
1.569244444,558.4782643,-9.478264316,-0.947826432,0.947826432,0.009478264,421.7914589,-228.7914589,-22.87914589,22.87914589,0.228791459,123.2965357,276.2971848,,,,,,,,,,,,,
1.635877778,565.572131,-16.57213101,-1.657213101,1.657213101,0.016572131,443.6865406,-250.6865406,-25.06865406,25.06865406,0.250686541,99.10532209,151.9704513,,,,,,,,,,,,,
1.702522222,571.8972043,-22.89720426,-2.289720426,2.289720426,0.022897204,447.9925604,-254.9925604,-25.49925604,25.49925604,0.25499256,68.25759702,-68.99207107,,,,,,,,,,,,,
1.769166667,575.3684231,-26.3684231,-2.63684231,2.63684231,0.026368423,431.5372746,-238.5372746,-23.85372746,23.85372746,0.238537275,25.19969416,-241.8319251,,,,,,,,,,,,,
1.835811111,576.6885734,-27.68857344,-2.768857344,2.768857344,0.027688573,405.965186,-212.965186,-21.2965186,21.2965186,0.212965186,-38.07379045,-255.480863,,,,,,,,,,,,,
1.902455556,570.1111185,-21.1111185,-2.11111185,2.11111185,0.021111119,387.9101886,-194.9101886,-19.49101886,19.49101886,0.194910189,-100.6501413,-109.8875762,,,,,,,,,,,,,
1.9691,562.197982,-13.19798204,-1.319798204,1.319798204,0.013197982,387.164692,-194.164692,-19.4164692,19.4164692,0.194164692,-145.5525312,103.8749512,,,,,,,,,,,,,
2.035744444,550.638901,-1.638900963,-0.163890096,0.163890096,0.001638901,405.8642333,-212.8642333,-21.28642333,21.28642333,0.212864233,-182.7757319,249.1748604,,,,,,,,,,,,,
2.102377778,535.022299,13.97770102,1.397770102,1.397770102,0.013977701,430.5743414,-237.5743414,-23.75743414,23.75743414,0.237574341,-178.3067512,229.3597095,,,,,,,,,,,,,
2.169022222,526.4141422,22.58585781,2.258585781,2.258585781,0.022585858,445.3367285,-252.3367285,-25.23367285,25.23367285,0.252336729,-160.4564098,62.90380028,,,,,,,,,,,,,
2.235666667,513.8727139,35.12728605,3.512728605,3.512728605,0.035127286,440.778327,-247.778327,-24.7778327,24.7778327,0.247778327,-137.0053093,-135.5096158,,,,,,,,,,,,,
2.302311111,505.3422131,43.65778694,4.365778694,4.365778694,0.043657787,422.0593717,-229.0593717,-22.90593717,22.90593717,0.229059372,-72.2815164,-246.8990511,,,,,,,,,,,,,
2.368955556,503.4745886,45.52541139,4.552541139,4.552541139,0.045525411,397.6598872,-204.6598872,-20.46598872,20.46598872,0.204659887,7.104785353,-192.8882213,,,,,,,,,,,,,
2.4356,506.2274903,42.77250965,4.277250965,4.277250965,0.04277251,388.9896057,-195.9896057,-19.59896057,19.59896057,0.195989606,89.31525705,-17.5879066,,,,,,,,,,,,,
2.502233333,515.748104,33.25189601,3.325189601,3.325189601,0.033251896,395.3224445,-202.3224445,-20.23224445,20.23224445,0.202322445,162.2518114,160.2311923,,,,,,,,,,,,,
2.568877778,529.8659471,19.13405294,1.913405294,1.913405294,0.019134053,416.5613338,-223.5613338,-22.35613338,22.35613338,0.223561334,202.628481,234.4727561,,,,,,,,,,,,,
2.635522222,544.1119224,4.888077638,0.488807764,0.488807764,0.004888078,436.1150901,-243.1150901,-24.31150901,24.31150901,0.24311509,217.2040623,153.0706181,,,,,,,,,,,,,
2.702166667,559.9343125,-10.93431249,-1.093431249,1.093431249,0.010934312,442.9488095,-249.9488095,-24.99488095,24.99488095,0.24994881,207.79318,-25.96516041,,,,,,,,,,,,,
2.768811111,573.2173546,-24.2173546,-2.42173546,2.42173546,0.024217355,431.1878231,-238.1878231,-23.81878231,23.81878231,0.238187823,171.098767,-182.7052312,,,,,,,,,,,,,
2.835455556,584.3182659,-35.31826586,-3.531826586,3.531826586,0.035318266,411.1526002,-218.1526002,-21.81526002,21.81526002,0.2181526,106.9308529,-217.3829953,,,,,,,,,,,,,
2.902088889,588.97762,-39.97762001,-3.997762001,3.997762001,0.03997762,393.5984835,-200.5984835,-20.05984835,20.05984835,0.200598483,16.7851164,-110.1522011,,,,,,,,,,,,,
2.968733333,586.306257,-37.30625696,-3.730625696,3.730625696,0.037306257,391.9366472,-198.9366472,-19.89366472,19.89366472,0.198936647,-72.15808719,70.85970879,,,,,,,,,,,,,
3.035377778,579.6860913,-30.68609128,-3.068609128,3.068609128,0.030686091,405.945772,-212.945772,-21.2945772,21.2945772,0.212945772,-160.683778,203.2239634,,,,,,,,,,,,,
3.102022222,562.9046508,-13.90465076,-1.390465076,1.390465076,0.013904651,427.3593871,-234.3593871,-23.43593871,23.43593871,0.234359387,-216.719265,199.2133485,,,,,,,,,,,,,
3.168666667,547.9636551,1.036344876,0.103634488,0.103634488,0.001036345,441.4461678,-248.4461678,-24.84461678,24.84461678,0.248446168,-228.3077596,53.00011264,,,,,,,,,,,,,
3.235311111,532.463537,16.53646301,1.653646301,1.653646301,0.016536463,436.3791202,-243.3791202,-24.33791202,24.33791202,0.24337912,-228.1943252,-125.8542126,,,,,,,,,,,,,
3.301955556,516.0548448,32.9451552,3.29451552,3.29451552,0.032945155,418.7201679,-225.7201679,-22.57201679,22.57201679,0.225720168,-197.7530526,-210.8557328,,,,,,,,,,,,,
3.368588889,503.4163467,45.58365332,4.558365332,4.558365332,0.045583653,399.5935192,-206.5935192,-20.65935192,20.65935192,0.206593519,-125.0771403,-153.6488923,,,,,,,,,,,,,
3.435233333,497.8561841,51.14381594,5.114381594,5.114381594,0.051143816,391.8318117,-198.8318117,-19.88318117,19.88318117,0.198831812,-25.73422999,8.831521069,,,,,,,,,,,,,
3.501877778,500.2324547,48.76754532,4.876754532,4.876754532,0.048767545,401.4223157,-208.4223157,-20.84223157,20.84223157,0.208422316,71.54516585,162.6125487,,,,,,,,,,,,,
3.568522222,508.3785588,40.62144115,4.062144115,4.062144115,0.040621441,419.7025151,-226.7025151,-22.67025151,22.67025151,0.226702515,150.5381564,213.0491363,,,,,,,,,,,,,
3.635166667,522.4070976,26.59290237,2.659290237,2.659290237,0.026592902,438.1613231,-245.1613231,-24.51613231,24.51613231,0.245161323,195.3488612,124.9381909,,,,,,,,,,,,,
3.701811111,536.0318257,12.96817429,1.296817429,1.296817429,0.012968174,442.3197967,-249.3197967,-24.93197967,24.93197967,0.249319797,211.1858475,-56.63867753,,,,,,,,,,,,,
3.768444444,550.487472,-1.487471954,-0.148747195,0.148747195,0.001487472,428.6251783,-235.6251783,-23.56251783,23.56251783,0.235625178,218.1471921,-204.4481946,,,,,,,,,,,,,
3.835088889,566.8845158,-17.88451576,-1.788451576,1.788451576,0.017884516,406.4155902,-213.4155902,-21.34155902,21.34155902,0.21341559,192.942209,-214.047002,,,,,,,,,,,,,
3.901733333,578.6377366,-29.63773659,-2.963773659,2.963773659,0.029637737,391.2299785,-198.2299785,-19.82299785,19.82299785,0.198229978,128.6269745,-79.31324268,,,,,,,,,,,,,
3.968377778,585.358855,-36.35885495,-3.635885495,3.635885495,0.036358855,393.1558448,-200.1558448,-20.01558448,20.01558448,0.200155845,40.95772715,103.2229237,,,,,,,,,,,,,
4.035022222,583.9726971,-34.97269709,-3.497269709,3.497269709,0.034972697,408.675377,-215.675377,-21.5675377,21.5675377,0.215675377,-45.26269329,223.9586296,,,,,,,,,,,,,
4.101666667,577.9077711,-28.90777111,-2.890777111,2.890777111,0.028907771,431.2188854,-238.2188854,-23.82188854,23.82188854,0.238218885,-109.8519758,206.3418156,,,,,,,,,,,,,
4.168311111,567.6688404,-18.66884037,-1.866884037,1.866884037,0.01866884,444.8591447,-251.8591447,-25.18591447,25.18591447,0.251859145,-147.4020193,48.24380922,,,,,,,,,,,,,
4.234944444,558.256945,-9.256944994,-0.925694499,0.925694499,0.009256945,440.2813293,-247.2813293,-24.72813293,24.72813293,0.247281329,-177.2467284,-150.1043067,,,,,,,,,,,,,
4.301588889,543.1256924,5.874307599,0.58743076,0.58743076,0.005874308,419.2482281,-226.2482281,-22.62482281,22.62482281,0.226248228,-189.019248,-256.5783798,,,,,,,,,,,,,
4.368233333,531.1317383,17.86826173,1.786826173,1.786826173,0.017868262,395.6136542,-202.6136542,-20.26136542,20.26136542,0.202613654,-169.0281606,-193.4344558,,,,,,,,,,,,,
4.434877778,519.9648195,29.03518051,2.903518051,2.903518051,0.029035181,385.8833696,-192.8833696,-19.28833696,19.28833696,0.19288337,-132.8169744,-5.191732088,,,,,,,,,,,,,
4.501522222,511.6595207,37.34047927,3.734047927,3.734047927,0.037340479,394.5808307,-201.5808307,-20.15808307,20.15808307,0.201580831,-68.51332552,189.2241993,,,,,,,,,,,,,
4.568166667,510.3781983,38.62180167,3.862180167,3.862180167,0.038621802,418.1571626,-225.1571626,-22.51571626,22.51571626,0.225157163,1.825858105,266.0603817,,,,,,,,,,,,,
4.6348,513.0961549,35.90384508,3.590384508,3.590384508,0.035903845,440.3939303,-247.3939303,-24.73939303,24.73939303,0.24739393,55.32598249,173.1467278,,,,,,,,,,,,,
4.701444444,519.1377841,29.86221587,2.986221587,2.986221587,0.029862216,448.4235506,-255.4235506,-25.54235506,25.54235506,0.255423551,87.85809156,-35.72922299,,,,,,,,,,,,,
4.768088889,525.0629295,23.93707051,2.393707051,2.393707051,0.023937071,433.9640216,-240.9640216,-24.09640216,24.09640216,0.240964022,112.5646688,-219.9968645,,,,,,,,,,,,,
4.834733333,533.6477895,15.35221049,1.535221049,1.535221049,0.01535221,410.72161,-217.72161,-21.772161,21.772161,0.21772161,139.44426,-266.0088255,,,,,,,,,,,,,
4.901377778,544.9350749,4.064925072,0.406492507,0.406492507,0.004064925,389.0361992,-196.0361992,-19.60361992,19.60361992,0.196036199,146.2353147,-152.5658169,,,,,,,,,,,,,
4.968022222,554.3353219,-5.33532192,-0.533532192,0.533532192,0.005335322,383.7323011,-190.7323011,-19.07323011,19.07323011,0.190732301,132.0105091,66.28973894,,,,,,,,,,,,,
5.034655556,563.2075088,-14.20750878,-1.420750878,1.420750878,0.014207509,400.6108115,-207.6108115,-20.76108115,20.76108115,0.207610811,102.9946925,240.9674751,,,,,,,,,,,,,
5.1013,569.3578563,-20.35785625,-2.035785625,2.035785625,0.020357856,425.3558648,-232.3558648,-23.23558648,23.23558648,0.232355865,55.15029451,260.7313384,,,,,,,,,,,,,
5.167944444,570.1810088,-21.18100882,-2.118100882,2.118100882,0.021181009,444.9212694,-251.9212694,-25.19212694,25.19212694,0.251921269,11.2008394,121.1886875,,,,,,,,,,,,,
5.234588889,569.7966121,-20.7966121,-2.07966121,2.07966121,0.020796612,446.5442778,-253.5442778,-25.35442778,25.35442778,0.253544278,-19.85579083,-99.14948449,,,,,,,,,,,,,
5.301233333,568.1037134,-19.10371343,-1.910371343,1.910371343,0.019103713,427.3438559,-234.3438559,-23.43438559,23.43438559,0.234343856,-57.01549245,-250.2555809,,,,,,,,,,,,,
5.367877778,562.5707304,-13.57073038,-1.357073038,1.357073038,0.01357073,403.5927981,-210.5927981,-21.05927981,21.05927981,0.210592798,-97.70603316,-242.9306482,,,,,,,,,,,,,
5.434522222,554.6265316,-5.626531555,-0.562653156,0.562653156,0.005626532,386.21729,-193.21729,-19.321729,19.321729,0.19321729,-130.1994871,-87.70883427,,,,,,,,,,,,,
5.501155556,544.2633514,4.736648628,0.473664863,0.473664863,0.004736649,387.618979,-194.618979,-19.4618979,19.4618979,0.194618979,-144.6476833,133.3044884,,,,,,,,,,,,,
5.5678,533.6633207,15.33667931,1.533667931,1.533667931,0.015336679,409.0054145,-216.0054145,-21.60054145,21.60054145,0.216005415,-132.6990127,270.8347814,,,,,,,,,,,,,
5.634444444,525.5288649,23.4711351,2.34711351,2.34711351,0.023471135,434.9075408,-241.9075408,-24.19075408,24.19075408,0.241907541,-103.9840653,228.5062398,,,,,,,,,,,,,
5.701088889,520.8811591,28.11884086,2.811884086,2.811884086,0.028118841,448.1090442,-255.1090442,-25.51090442,25.51090442,0.255109044,-83.76882659,42.91766718,,,,,,,,,,,,,
5.767733333,514.0513225,34.94867748,3.494867748,3.494867748,0.034948677,442.0984774,-249.0984774,-24.90984774,24.90984774,0.249098477,-55.94776468,-167.2949081,,,,,,,,,,,,,
5.834377778,510.8247198,38.17528023,3.817528023,3.817528023,0.03817528,419.0773851,-226.0773851,-22.60773851,22.60773851,0.226077385,7.145530092,-267.3649373,,,,,,,,,,,,,
5.901011111,515.0996772,33.9003228,3.39003228,3.39003228,0.033900323,395.6524821,-202.6524821,-20.26524821,20.26524821,0.202652482,71.34386844,-192.3886359,,,,,,,,,,,,,
5.967655556,521.2306107,27.7693893,2.77693893,2.77693893,0.027769389,386.6871082,-193.6871082,-19.36871082,19.36871082,0.193687108,123.2346788,-4.02181024,,,,,,,,,,,,,
6.0343,532.1878585,16.81214146,1.681214146,1.681214146,0.016812141,395.768966,-202.768966,-20.2768966,20.2768966,0.202768966,160.6352818,176.8202473,,,,,,,,,,,,,
6.100944444,543.9760245,5.023975467,0.502397547,0.502397547,0.005023975,417.0622144,-224.0622144,-22.40622144,22.40622144,0.224062214,174.3963436,243.6315675,,,,,,,,,,,,,
6.167588889,556.4630936,-7.463093648,-0.746309365,0.746309365,0.007463094,437.4468888,-244.4468888,-24.44468888,24.44468888,0.244446889,168.3685874,157.8499342,,,,,,,,,,,,,
6.234233333,567.4203415,-18.42034148,-1.842034148,1.842034148,0.018420341,444.5446383,-251.5446383,-25.15446383,25.15446383,0.251544638,142.4140745,-31.18660057,,,,,,,,,,,,,
6.300866667,576.4633713,-27.46337133,-2.746337133,2.746337133,0.027463371,431.4984467,-238.4984467,-23.84984467,23.84984467,0.238498447,97.20377307,-193.0297632,,,,,,,,,,,,,
6.367511111,581.3479276,-32.34792759,-3.234792759,3.234792759,0.032347928,410.8652734,-217.8652734,-21.78652734,21.78652734,0.217865273,34.21614608,-225.6995785,,,,,,,,,,,,,
6.434155556,581.7284415,-32.72844151,-3.272844151,3.272844151,0.032728442,393.0781889,-200.0781889,-20.00781889,20.00781889,0.200078189,-40.83654321,-118.956947,,,,,,,,,,,,,
6.5008,576.0284983,-27.02849827,-2.702849827,2.702849827,0.027028498,390.197155,-197.197155,-19.7197155,19.7197155,0.197197155,-116.7395563,66.0586576,,,,,,,,,,,,,
6.567444444,565.3430461,-16.34304609,-1.634304609,1.634304609,0.016343046,404.7809334,-211.7809334,-21.17809334,21.17809334,0.211780933,-177.6800082,203.0718507,,,,,,,,,,,,,
6.634088889,550.6816117,-1.68161171,-0.168161171,0.168161171,0.001681612,425.3092713,-232.3092713,-23.23092713,23.23092713,0.232309271,-209.817392,206.9923805,,,,,,,,,,,,,
6.700733333,535.8493343,13.15066566,1.315066566,1.315066566,0.013150666,441.3296839,-248.3296839,-24.83296839,24.83296839,0.248329684,-213.3920749,68.21574257,,,,,,,,,,,,,
6.767366667,520.8190344,28.18096558,2.818096558,2.818096558,0.028180966,437.310991,-244.310991,-24.4310991,24.4310991,0.244310991,-188.8156151,-117.0795519,,,,,,,,,,,,,
6.834011111,509.4152651,39.58473486,3.958473486,3.958473486,0.039584735,419.4074227,-226.4074227,-22.64074227,22.64074227,0.226407423,-139.1401858,-206.070059,,,,,,,,,,,,,
6.900655556,500.6362654,48.36373463,4.836373463,4.836373463,0.048363735,401.9542586,-208.9542586,-20.89542586,20.89542586,0.208954259,-61.34131695,-162.8132239,,,,,,,,,,,,,
6.9673,500.4071805,48.59281954,4.859281954,4.859281954,0.04859282,391.2688064,-198.2688064,-19.82688064,19.82688064,0.198268806,31.43861826,-12.81752662,,,,,,,,,,,,,
7.033944444,504.8335669,44.1664331,4.41664331,4.41664331,0.044166433,399.3061923,-206.3061923,-20.63061923,20.63061923,0.206306192,122.0240782,150.162489,,,,,,,,,,,,,
7.100588889,517.7089155,31.29108447,3.129108447,3.129108447,0.031291084,417.9707885,-224.9707885,-22.49707885,22.49707885,0.224970788,192.6743526,206.5941584,,,,,,,,,,,,,
7.167222222,533.5895476,15.41045242,1.541045242,1.541045242,0.015410452,434.7017527,-241.7017527,-24.17017527,24.17017527,0.241701753,215.9281675,132.1263358,,,,,,,,,,,,,
7.233866667,547.5947896,1.405210413,0.140521041,0.140521041,0.00140521,441.1122474,-248.1122474,-24.81122474,24.81122474,0.248112247,215.6049682,-32.01510541,,,,,,,,,,,,,
7.300511111,562.5047229,-13.50472286,-1.350472286,1.350472286,0.013504723,429.4910416,-236.4910416,-23.64910416,23.64910416,0.236491042,202.5059252,-178.2686663,,,,,,,,,,,,,
7.367155556,576.4439574,-27.44395735,-2.744395735,2.744395735,0.027443957,409.4169908,-216.4169908,-21.64169908,21.64169908,0.216416991,157.5872342,-198.3620854,,,,,,,,,,,,,
7.4338,585.661713,-36.66171297,-3.666171297,3.666171297,0.036661713,395.0545317,-202.0545317,-20.20545317,20.20545317,0.202054532,77.93454433,-86.66064314,,,,,,,,,,,,,
7.500444444,587.7001804,-38.70018041,-3.870018041,3.870018041,0.03870018,394.4682296,-201.4682296,-20.14682296,20.14682296,0.20146823,-16.99963355,81.62050506,,,,,,,,,,,,,
7.567088889,582.9437564,-33.94375639,-3.394375639,3.394375639,0.033943756,408.6520802,-215.6520802,-21.56520802,21.56520802,0.21565208,-104.7556934,201.8165984,,,,,,,,,,,,,
7.633722222,571.9515634,-22.95156339,-2.295156339,2.295156339,0.022951563,430.2520695,-237.2520695,-23.72520695,23.72520695,0.237252069,-164.1000065,179.661193,,,,,,,,,,,,,
7.700366667,559.658634,-10.65863403,-1.065863403,1.065863403,0.010658634,440.4288755,-247.4288755,-24.74288755,24.74288755,0.247428875,-196.9965152,32.45046639,,,,,,,,,,,,,
7.767011111,544.876833,4.123166999,0.4123167,0.4123167,0.004123167,435.4045386,-242.4045386,-24.24045386,24.24045386,0.242404539,-210.9409437,-132.3165897,,,,,,,,,,,,,
7.833655556,530.0134933,18.98650673,1.898650673,1.898650673,0.018986507,417.2680026,-224.2680026,-22.42680026,22.42680026,0.224268003,-196.7024201,-208.5905561,,,,,,,,,,,,,
7.9003,517.5380725,31.46192746,3.146192746,3.146192746,0.031461927,400.1021653,-207.1021653,-20.71021653,20.71021653,0.207102165,-159.0804694,-156.3901756,,,,,,,,,,,,,
7.966944444,506.9030967,42.0969033,4.20969033,4.20969033,0.042096903,390.0962023,-197.0962023,-19.70962023,19.70962023,0.197096202,-89.49505717,-0.357944652,,,,,,,,,,,,,
8.033577778,504.3404519,44.65954808,4.465954808,4.465954808,0.044659548,398.5218677,-205.5218677,-20.55218677,20.55218677,0.205521868,-0.658572959,174.5450474,,,,,,,,,,,,,
8.100222222,507.6019998,41.39800018,4.139800018,4.139800018,0.041398,420.4169494,-227.4169494,-22.74169494,22.74169494,0.227416949,77.49531912,235.2528561,,,,,,,,,,,,,
8.166866667,516.1868598,32.81314016,3.281314016,3.281314016,0.03281314,439.3222789,-246.3222789,-24.63222789,24.63222789,0.246322279,130.766468,143.0674407,,,,,,,,,,,,,
8.233511111,526.1967057,22.80329434,2.280329434,2.280329434,0.022803294,445.4609779,-252.4609779,-25.24609779,25.24609779,0.252460978,161.9260862,-46.22066885,,,,,,,,,,,,,
8.300155556,538.963336,10.03666397,1.003666397,1.003666397,0.010036664,431.2150026,-238.2150026,-23.82150026,23.82150026,0.238215003,171.8005139,-205.3457153,,,,,,,,,,,,,
8.3668,549.4158205,-0.4158205,-0.04158205,0.04158205,0.00041582,409.8673951,-216.8673951,-21.68673951,21.68673951,0.216867395,170.6360176,-230.7360617,,,,,,,,,,,,,
8.433444444,562.4037702,-13.40377019,-1.340377019,1.340377019,0.01340377,392.243388,-199.243388,-19.9243388,19.9243388,0.199243388,153.2402362,-116.3720669,,,,,,,,,,,,,
8.500077778,572.1612343,-23.16123433,-2.316123433,2.316123433,0.023161234,389.3312917,-196.3312917,-19.63312917,19.63312917,0.196331292,100.7125984,78.65960952,,,,,,,,,,,,,
8.566722222,576.7118702,-27.71187021,-2.771187021,2.771187021,0.02771187,404.8818861,-211.8818861,-21.18818861,21.18818861,0.211881886,32.73062702,233.6522086,,,,,,,,,,,,,
8.633366667,575.8731865,-26.87318647,-2.687318647,2.687318647,0.026873186,430.1045232,-237.1045232,-23.71045232,23.71045232,0.237104523,-27.16763075,234.6010391,,,,,,,,,,,,,
8.700011111,572.43303,-23.43302999,-2.343302999,2.343302999,0.02343303,445.4648607,-252.4648607,-25.24648607,25.24648607,0.252464861,-74.90656122,82.67782753,,,,,,,,,,,,,
8.766655556,564.4461204,-15.44612042,-1.544612042,1.544612042,0.01544612,443.8146728,-250.8146728,-25.08146728,25.08146728,0.250814673,-99.97021559,-117.2301019,,,,,,,,,,,,,
8.8333,558.8781922,-9.878192214,-0.987819221,0.987819221,0.009878192,426.4003367,-233.4003367,-23.34003367,23.34003367,0.233400337,-118.6304618,-255.2845478,,,,,,,,,,,,,
8.899933333,548.7906905,0.209309515,0.020930951,0.020930951,0.00020931,399.7449482,-206.7449482,-20.67449482,20.67449482,0.206744948,-135.3995682,-229.1057236,,,,,,,,,,,,,
8.966577778,540.1087606,8.89123941,0.889123941,0.889123941,0.008891239,386.2871803,-193.2871803,-19.32871803,19.32871803,0.19328718,-138.1870122,-48.91117101,,,,,,,,,,,,,
9.033222222,529.1437472,19.85625284,1.985625284,1.985625284,0.019856253,391.8279289,-198.8279289,-19.88279289,19.88279289,0.198827929,-120.2891108,157.5243839,,,,,,,,,,,,,
9.099866667,522.4342772,26.56572281,2.656572281,2.656572281,0.026565723,412.8105538,-219.8105538,-21.98105538,21.98105538,0.219810554,-76.80173643,270.236002,,,,,,,,,,,,,
9.166511111,519.0678938,29.93210618,2.993210618,2.993210618,0.029932106,438.4913607,-245.4913607,-24.54913607,24.54913607,0.245491361,-32.85844584,209.1497244,,,,,,,,,,,,,
9.233155556,518.5204197,30.47958029,3.047958029,3.047958029,0.03047958,449.382601,-256.382601,-25.6382601,25.6382601,0.256382601,6.12268339,8.95485465,,,,,,,,,,,,,
9.299788889,519.9764679,29.02353212,2.902353212,2.902353212,0.029023532,438.8369295,-245.8369295,-24.58369295,24.58369295,0.245836929,42.68220911,-183.2314027,,,,,,,,,,,,,
9.366433333,524.0029264,24.99707358,2.499707358,2.499707358,0.024997074,417.8970154,-224.8970154,-22.48970154,22.48970154,0.224897015,80.36327814,-259.8962674,,,,,,,,,,,,,
9.433077778,530.9492469,18.0507531,1.80507531,1.80507531,0.018050753,394.9419306,-201.9419306,-20.19419306,20.19419306,0.201941931,112.6131753,-179.7009769,,,,,,,,,,,,,
9.499722222,539.8447305,9.155269478,0.915526948,0.915526948,0.009155269,387.2501135,-194.2501135,-19.42501135,19.42501135,0.194250113,130.610612,11.54222025,,,,,,,,,,,,,
9.566366667,549.1440248,-0.144024841,-0.014402484,0.014402484,0.000144025,396.4096272,-203.4096272,-20.34096272,20.34096272,0.203409627,133.8495256,200.1248292,,,,,,,,,,,,,
9.633011111,558.6219277,-9.621927736,-0.962192774,0.962192774,0.009621928,421.3488202,-228.3488202,-22.83488202,22.83488202,0.22834882,120.3345097,264.8919995,,,,,,,,,,,,,
9.699655556,565.7274428,-16.72744281,-1.672744281,1.672744281,0.016727443,442.9643407,-249.9643407,-24.99643407,24.99643407,0.249964341,95.90079493,149.667359,,,,,,,,,,,,,
9.766288889,571.8040172,-22.80401718,-2.280401718,2.280401718,0.022804017,447.0801035,-254.0801035,-25.40801035,25.40801035,0.254080104,62.55388859,-60.76432199,,,,,,,,,,,,,
9.832933333,574.5219738,-25.52197376,-2.552197376,2.552197376,0.025521974,431.9799133,-238.9799133,-23.89799133,23.89799133,0.238979913,19.96612968,-226.7433742,,,,,,,,,,,,,
9.899577778,575.143221,-26.14322098,-2.614322098,2.614322098,0.026143221,408.0153018,-215.0153018,-21.50153018,21.50153018,0.215015302,-33.52796409,-247.3085281,,,,,,,,,,,,,
9.966222222,570.499398,-21.49939802,-2.149939802,2.149939802,0.021499398,389.494369,-196.494369,-19.6494369,19.6494369,0.196494369,-92.85603015,-110.9476136,,,,,,,,,,,,,
10.03286667,562.1552713,-13.1552713,-1.31552713,1.31552713,0.013155271,389.3468228,-196.3468228,-19.63468228,19.63468228,0.196346823,-141.3558361,90.07813404,,,,,,,,,,,,,
10.09951111,550.4369956,-1.436995617,-0.143699562,0.143699562,0.001436996,405.1925097,-212.1925097,-21.21925097,21.21925097,0.21219251,-168.9311372,230.2822999,,,,,,,,,,,,,
10.16614444,538.1712458,10.82875418,1.082875418,1.082875418,0.010828754,429.2736051,-236.2736051,-23.62736051,23.62736051,0.236273605,-170.5219869,220.4596589,,,,,,,,,,,,,
10.23278889,526.8645464,22.13545357,2.213545357,2.213545357,0.022135454,443.034231,-250.034231,-25.0034231,25.0034231,0.250034231,-154.5603936,71.89242451,,,,,,,,,,,,,
10.29943333,516.6294985,32.37050152,3.237050152,3.237050152,0.032370502,440.5104142,-247.5104142,-24.75104142,24.75104142,0.247510414,-120.2697074,-108.4536589,,,,,,,,,,,,,
10.36607778,510.137465,38.86253496,3.886253496,3.886253496,0.038862535,424.3191585,-231.3191585,-23.13191585,23.13191585,0.231319159,-70.57067528,-216.8244591,,,,,,,,,,,,,
10.43272222,506.1148893,42.88511071,4.288511071,4.288511071,0.042885111,403.3171197,-210.3171197,-21.03171197,21.03171197,0.21031712,-1.943614487,-186.7975148,,,,,,,,,,,,,
10.49936667,508.5998782,40.40012183,4.040012183,4.040012183,0.040400122,391.295986,-198.295986,-19.8295986,19.8295986,0.198295986,84.19879208,-27.78950396,,,,,,,,,,,,,
10.56601111,518.2835692,30.7164308,3.071643079,3.071643079,0.030716431,399.0227483,-206.0227483,-20.60227483,20.60227483,0.206022748,154.759915,143.4524881,,,,,,,,,,,,,
10.63264444,531.0773791,17.92262087,1.792262087,1.792262087,0.017922621,416.5419199,-223.5419199,-22.35419199,22.35419199,0.22354192,195.3689085,215.9813071,,,,,,,,,,,,,
10.69928889,546.297936,2.702063984,0.270206398,0.270206398,0.002702064,435.8199977,-242.8199977,-24.28199977,24.28199977,0.242819998,202.691704,153.3410256,,,,,,,,,,,,,
10.76593333,558.5675686,-9.567568604,-0.95675686,0.95675686,0.009567569,443.7447825,-250.7447825,-25.07447825,25.07447825,0.250744783,194.3525644,-17.02367821,,,,,,,,,,,,,
10.83257778,572.7824815,-23.78248155,-2.378248155,2.378248155,0.023782482,432.9428465,-239.9428465,-23.99428465,23.99428465,0.239942846,169.8745447,-176.1194581,,,,,,,,,,,,,
10.89922222,583.9804627,-34.98046268,-3.498046268,3.498046268,0.034980463,412.6008828,-219.6008828,-21.96008828,21.96008828,0.219600883,103.007872,-213.1245505,,,,,,,,,,,,,
10.96586667,587.5021579,-38.50215786,-3.850215786,3.850215786,0.038502158,395.8970982,-202.8970982,-20.28970982,20.28970982,0.202897098,17.1315021,-109.096866,,,,,,,,,,,,,
11.0325,586.3101398,-37.31013976,-3.731013976,3.731013976,0.03731014,394.0605361,-201.0605361,-20.10605361,20.10605361,0.201060536,-71.31625849,61.29519473,,,,,,,,,,,,,
11.09914444,577.7252797,-28.72527974,-2.872527974,2.872527974,0.02872528,406.9630643,-213.9630643,-21.39630643,21.39630643,0.213963064,-151.0450524,185.3900708,,,,,,,,,,,,,
11.16578889,563.8714667,-14.87146674,-1.487146674,1.487146674,0.014871467,426.8196786,-233.8196786,-23.38196786,23.38196786,0.233819679,-194.5532106,179.7721551,,,,,,,,,,,,,
11.23243333,550.0098882,-1.009888154,-0.100988815,0.100988815,0.001009888,437.7419812,-244.7419812,-24.47419812,24.47419812,0.244741981,-206.9629859,60.69873831,,,,,,,,,,,,,
11.29907778,536.0240601,12.97593988,1.297593988,1.297593988,0.01297594,437.0158986,-244.0158986,-24.40158986,24.40158986,0.244015899,-206.7553712,-94.77795167,,,,,,,,,,,,,
11.36572222,521.0287054,27.97129464,2.797129464,2.797129464,0.027971295,421.3294063,-228.3294063,-22.83294063,22.83294063,0.228329406,-179.8542138,-187.4556311,,,,,,,,,,,,,
11.43235556,510.4830338,38.5169662,3.85169662,3.85169662,0.038516966,404.8236442,-211.8236442,-21.18236442,21.18236442,0.211823644,-124.3553498,-158.2454675,,,,,,,,,,,,,
11.499,502.6824984,46.3175016,4.63175016,4.63175016,0.046317502,393.2762115,-200.2762115,-20.02762115,20.02762115,0.200276211,-39.86593879,-17.4347212,,,,,,,,,,,,,
11.56564444,504.243382,44.75661796,4.475661796,4.475661796,0.044756618,400.2341804,-207.2341804,-20.72341804,20.72341804,0.20723418,58.625682,153.6030491,,,,,,,,,,,,,
11.63228889,512.1332217,36.86677827,3.686677827,3.686677827,0.036866778,420.9294784,-227.9294784,-22.79294784,22.79294784,0.227929478,132.6044448,213.3287782,,,,,,,,,,,,,
11.69893333,523.2224846,25.7775154,2.57775154,2.57775154,0.025777515,437.6915049,-244.6915049,-24.46915049,24.46915049,0.244691505,182.030195,128.4211777,,,,,,,,,,,,,
11.76557778,538.4080963,10.59190367,1.059190367,1.059190367,0.010591904,442.370273,-249.370273,-24.9370273,24.9370273,0.249370273,197.6988491,-32.764407,,,,,,,,,,,,,
11.83222222,550.638901,-1.638900963,-0.163890096,0.163890096,0.001638901,432.2439434,-239.2439434,-23.92439434,23.92439434,0.239243943,191.8661646,-175.6633403,,,,,,,,,,,,,
11.89885556,563.7472173,-14.7472173,-1.47472173,1.47472173,0.014747217,412.3873291,-219.3873291,-21.93873291,21.93873291,0.219387329,179.15194,-207.7854122,,,,,,,,,,,,,
11.9655,576.9642519,-27.9642519,-2.79642519,2.79642519,0.027964252,396.2814949,-203.2814949,-20.32814949,20.32814949,0.203281495,128.2061766,-104.86045,,,,,,,,,,,,,
12.03214444,583.1534273,-34.15342732,-3.415342732,3.415342732,0.034153427,393.5829523,-200.5829523,-20.05829523,20.05829523,0.200582952,43.8936771,73.87713009,,,,,,,,,,,,,
12.09878889,581.852691,-32.85269096,-3.285269096,3.285269096,0.032852691,409.2306167,-216.2306167,-21.62306167,21.62306167,0.216230617,-31.20386649,202.6203303,,,,,,,,,,,,,
12.16543333,577.6981002,-28.69810017,-2.869810017,2.869810017,0.0286981,429.0716997,-236.0716997,-23.60716997,23.60716997,0.2360717,-87.09909958,194.1262515,,,,,,,,,,,,,
12.23207778,570.0994701,-21.09947012,-2.109947012,2.109947012,0.02109947,442.8944504,-249.8944504,-24.98944504,24.98944504,0.24989445,-135.3381253,56.84434606,,,,,,,,,,,,,
12.29871111,558.5753342,-9.575334194,-0.957533419,0.957533419,0.009575334,439.2756853,-246.2756853,-24.62756853,24.62756853,0.246275685,-163.7956208,-123.2326615,,,,,,,,,,,,,
12.36535556,547.5132509,1.48674911,0.148674911,0.148674911,0.001486749,421.9700675,-228.9700675,-22.89700675,22.89700675,0.228970067,-176.8440935,-228.6465987,,,,,,,,,,,,,
12.432,533.5934304,15.40656963,1.540656963,1.540656963,0.01540657,399.90026,-206.90026,-20.690026,20.690026,0.20690026,-163.5402353,-187.7426329,,,,,,,,,,,,,
12.49864444,524.4882758,24.51172419,2.451172419,2.451172419,0.024511724,389.4244787,-196.4244787,-19.64244787,19.64244787,0.196424479,-126.3434351,-22.93554593,,,,,,,,,,,,,
12.56528889,515.0919116,33.90808839,3.390808839,3.390808839,0.033908088,395.2991478,-202.2991478,-20.22991478,20.22991478,0.202299148,-63.76489957,165.4953588,,,,,,,,,,,,,
12.63193333,515.4103008,33.58969919,3.358969919,3.358969919,0.033589699,417.3029477,-224.3029477,-22.43029477,22.43029477,0.224302948,6.692772863,256.3349644,,,,,,,,,,,,,
12.69856667,518.2758036,30.72419639,3.072419639,3.072419639,0.030724196,439.660082,-246.660082,-24.6660082,24.6660082,0.246660082,46.19445694,181.8702993,,,,,,,,,,,,,
12.76521111,522.1857783,26.8142217,2.68142217,2.68142217,0.026814222,448.8351269,-255.8351269,-25.58351269,25.58351269,0.255835127,75.24921044,-10.66676767,,,,,,,,,,,,,
12.83185556,527.9012527,21.09874728,2.109874728,2.109874728,0.021098747,437.3769985,-244.3769985,-24.43769985,24.43769985,0.244376999,105.3078655,-191.9407204,,,,,,,,,,,,,
12.8985,535.9036935,13.09630653,1.309630653,1.309630653,0.013096307,415.7148845,-222.7148845,-22.27148845,22.27148845,0.222714885,136.0175887,-249.5333504,,,,,,,,,,,,,
12.96514444,547.5171337,1.482866315,0.148286632,0.148286632,0.001482866,395.0195865,-202.0195865,-20.20195865,20.20195865,0.202019587,143.7927972,-155.2619255,,,,,,,,,,,,,
13.03178889,556.8785527,-7.878552726,-0.787855273,0.787855273,0.007878553,388.8032315,-195.8032315,-19.58032315,19.58032315,0.195803232,123.004947,40.21215786,,,,,,,,,,,,,
13.09843333,563.9879506,-14.9879506,-1.49879506,1.49879506,0.014987951,402.2920618,-209.2920618,-20.92920618,20.92920618,0.209292062,95.78912607,205.1423424,,,,,,,,,,,,,
13.16506667,570.1382981,-21.13829807,-2.113829807,2.113829807,0.021138298,423.7910984,-230.7910984,-23.07910984,23.07910984,0.230791098,59.54185609,241.9984736,,,,,,,,,,,,,
13.23171111,572.0680472,-23.06804725,-2.306804725,2.306804725,0.023068047,444.17189,-251.17189,-25.117189,25.117189,0.25117189,20.51487569,121.0152281,,,,,,,,,,,,,
13.29835556,572.716474,-23.71647403,-2.371647403,2.371647403,0.023716474,445.5114543,-252.5114543,-25.25114543,25.25114543,0.252511454,-16.89747955,-87.35494038,,,,,,,,,,,,,
13.365,570.1266497,-21.12664969,-2.112664969,2.112664969,0.02112665,428.5397568,-235.5397568,-23.55397568,23.55397568,0.235539757,-54.73847782,-236.8741307,,,,,,,,,,,,,
13.43164444,564.4771828,-15.47718278,-1.547718278,1.547718278,0.015477183,404.9129485,-211.9129485,-21.19129485,21.19129485,0.211912948,-79.40374287,-270.7849861,,,,,,,,,,,,,
13.49828889,557.9036106,-8.903610638,-0.890361064,0.890361064,0.008903611,390.0340776,-197.0340776,-19.70340776,19.70340776,0.197034078,-92.23418624,-254.171601,,,,,,,,,,,,,